gpu,kernel,size,ms,gflops,gflops_cublas,pct_cublas,correct
Tesla T4,cublas,256,0.0295,1137.9,1134.2,100.3,ok
Tesla T4,cublas,512,0.0772,3475.8,3476.7,100.0,ok
Tesla T4,cublas,1024,0.4745,4525.9,4532.9,99.8,ok
Tesla T4,cublas,2048,3.4574,4969.0,3952.1,125.7,ok
Tesla T4,cublas,4096,33.2447,4134.2,4147.1,99.7,ok
Tesla T4,01_naive,256,0.6884,48.7,1761.7,2.8,ok
Tesla T4,01_naive,512,4.4837,59.9,5460.6,1.1,ok
Tesla T4,01_naive,1024,35.4374,60.6,6294.2,1.0,ok
Tesla T4,01_naive,2048,280.4611,61.3,6280.3,1.0,ok
Tesla T4,01_naive,4096,2228.3853,61.7,3899.8,1.6,ok
Tesla T4,02_coalesced,256,0.0612,548.0,1441.7,38.0,ok
Tesla T4,02_coalesced,512,0.4068,659.8,4397.0,15.0,ok
Tesla T4,02_coalesced,1024,3.3067,649.4,5005.1,13.0,ok
Tesla T4,02_coalesced,2048,31.9687,537.4,4171.0,12.9,ok
Tesla T4,02_coalesced,4096,254.3661,540.3,3901.5,13.8,ok
Tesla T4,03_smem_tiling,256,0.0401,836.1,1761.7,47.5,ok
Tesla T4,03_smem_tiling,512,0.2619,1024.8,5440.4,18.8,ok
Tesla T4,03_smem_tiling,1024,2.0654,1039.7,6179.0,16.8,ok
Tesla T4,03_smem_tiling,2048,20.3756,843.2,5027.1,16.8,ok
Tesla T4,03_smem_tiling,4096,158.4258,867.5,3851.0,22.5,ok
Tesla T4,04_1d_blocktile,256,0.0310,1084.1,1780.9,60.9,ok
Tesla T4,04_1d_blocktile,512,0.1386,1936.1,5436.9,35.6,ok
Tesla T4,04_1d_blocktile,1024,1.0552,2035.1,6166.7,33.0,ok
Tesla T4,04_1d_blocktile,2048,10.0657,1706.8,4451.1,38.3,ok
Tesla T4,04_1d_blocktile,4096,82.6356,1663.2,3812.8,43.6,ok
Tesla T4,05_2d_blocktile,256,0.0797,421.1,1612.7,26.1,ok
Tesla T4,05_2d_blocktile,512,0.1459,1839.5,4974.3,37.0,ok
Tesla T4,05_2d_blocktile,1024,0.6429,3340.2,6071.6,55.0,ok
Tesla T4,05_2d_blocktile,2048,4.8216,3563.1,4099.8,86.9,ok
Tesla T4,05_2d_blocktile,4096,46.8787,2931.8,3819.0,76.8,ok
Tesla T4,06_vectorized,256,0.0655,512.3,1681.2,30.5,ok
Tesla T4,06_vectorized,512,0.1273,2108.8,5100.1,41.3,ok
Tesla T4,06_vectorized,1024,0.5590,3841.9,6126.1,62.7,ok
Tesla T4,06_vectorized,2048,4.5196,3801.2,4125.0,92.2,ok
Tesla T4,06_vectorized,4096,44.2341,3107.1,3802.1,81.7,ok
